ID,Title,Price
0,web-readiness Rubber Administrator,24.419
1,payment Automotive Chicken,54.23
2,Assistant Avon core,55.98
3,Graphic cross-platform markets,61.05499999999999
4,archive Fresh orange,11.190000000000001
5,Specialist Chicken matrix,47.905
6,calculate Bedfordshire Soft,45.083
7,withdrawal Solutions Summit,77.245
8,utilisation Customer Direct,71.30499999999999
9,superstructure Frozen Account,40.20
10,Cambridgeshire transform Brand,90.327
11,function Representative dedicated,95.97
12,Bedfordshire architecture online,43.198
13,card incubate Buckinghamshire,32.708999999999996
14,Philippines Account Implementation,61.284000000000006
15,Cambridgeshire Personal Fantastic,86.87
16,EXE Springs optical,48.795
17,Compatible incentivize Bedfordshire,31.606
18,attitude Iowa withdrawal,14.969999999999999
19,Cotton migration Global,32.676
20,website Electronics ivory,86.49
21,Unbranded haptic quantifying,39.22
22,global Ball hub,78.45
23,wireless dot-com Avon,75.378
24,Wyoming California Investor,36.355000000000004
25,matrix Stream framework,24.044
26,Computers Avon impactful,88.15
27,Credit Money invoice,91.288
28,haptic calculating 24/7,33.543
29,Strategist content Granite,29.82
30,channels Tennessee bluetooth,60.987
31,Gloves Concrete Islands,10.808
32,Brunei deposit web,78.401
33,Washington Kids National,78.724
34,Mouse architect payment,10.062000000000001
35,Open-source Accounts invoice,67.495
36,policy ADP Turkmenistan,82.27
37,Soap Via Dakota,73.486
38,maroon reboot Intuitive,65.63300000000001
39,maroon Massachusetts improvement,92.765
40,synthesize Consultant secured,70.306
41,Specialist Account Granite,52.762
42,Senior Knoll Coordinator,46.10
43,bypassing USB Granite,76.79
44,Credit Forward matrix,57.315999999999995
45,clear-thinking Computers SCSI,27.619999999999997
46,hierarchy Sleek capability,28.48
47,Planner value-added hard,26.496
48,Dynamic standardization XML,88.351
49,Tactics innovate next-generation,50.555
50,Rupee Chicken Mouse,84.279
51,web-enabled moratorium deposit,44.913
52,capacitor Kansas AI,28.147000000000002
53,Avon 24/7 Marshall,80.13
54,Wooden asymmetric overriding,19.168
55,synthesizing edge Berkshire,48.293
56,THX auxiliary Dakota,66.46900000000001
57,synthesizing Analyst generate,77.437
58,lime green generating,48.446
59,Health Minnesota quantifying,62.051
60,orange Cambridgeshire Borders,39.456
61,visualize Data Oregon,94.328
62,Fords Functionality Concrete,28.42
63,black interface Gloves,44.392
64,lavender Engineer primary,71.72999999999999
65,Profit-focused circuit Granite,24.087
66,Illinois Florida Soap,18.953
67,Associate Concrete calculating,89.923
68,Salvador yellow Account,44.143
69,generation Table cultivate,33.919
70,Metal foreground Unbranded,93.815
71,virtual District Outdoors,20.428
72,Implementation COM bypass,70.991
73,strategy Liaison Orchestrator,41.771
74,Bike 24/7 input,14.193000000000001
75,Sleek Fords Berkshire,83.732
76,orchid mint feed,92.94500000000001
77,Representative Avon Mountain,75.19800000000001
78,copy Adaptive transmitting,34.381
79,Cross-platform systems Facilitator,48.952
80,Loan Designer Enhanced,29.469
81,Fish Colorado Quality,95.13
82,Infrastructure Specialist Metal,71.038
83,Principal Specialist Dollar,89.125
84,Pizza convergence Towels,10.495999999999999
85,Account artificial needs-based,79.694
86,Bahamas Technician Shoes,31.976999999999997
87,Intranet Steel Shoes,63.275999999999996
88,Mandatory Shoes Lakes,81.039
89,bandwidth next-generation Automated,43.400999999999996
90,bypass redundant plum,56.839
91,Won foreground Steel,51.879
92,Credit Refined Facilitator,74.64
93,project Salad Computer,32.098
94,Small time-frame Handmade,24.302
95,1080p multi-state withdrawal,75.88
96,Table reinvent Administrator,22.142
97,Norwegian leverage haptic,10.708
98,Home Loan back-end,81.037
99,Dalasi Savings Sterling,10.412